Name,Ticket / ID,Branch / Department
Nadeesha Senanayake,DEMO-0001,Kurunegala
Fathima Liyanage,DEMO-0002,Anuradhapura
Chamara Rajapaksha,DEMO-0003,Galle
Vishnu Wijesinghe,DEMO-0004,Kandy
Shalini Kumara,DEMO-0005,Kurunegala
Ayesha Samarasinghe,DEMO-0006,Kandy
Priya Pathirana,DEMO-0007,Matara
Rizwan Abeysekara,DEMO-0008,Galle
Anjali Perera,DEMO-0009,Kandy
Niroshan Silva,DEMO-0010,Colombo
Nadeesha Herath,DEMO-0011,Negombo
Chamara Abeysekara,DEMO-0012,Galle
Nimal Sivakumar,DEMO-0013,Kandy
Priya Sivakumar,DEMO-0014,Anuradhapura
Asanka Gunasekara,DEMO-0015,Negombo
Shehani Dissanayake,DEMO-0016,Kurunegala
Chathura Rathnayake,DEMO-0017,Ratnapura
Gayan Hameed,DEMO-0018,Kandy
Fathima Nadarajah,DEMO-0019,Kurunegala
Tharindu Hameed,DEMO-0020,Negombo
Nethmi Silva,DEMO-0021,Galle
Shalini Samarasinghe,DEMO-0022,Kurunegala
Mahesh Herath,DEMO-0023,Kurunegala
Oshadi Bandara,DEMO-0024,Kandy
Ayesha Herath,DEMO-0025,Colombo
Sanduni Rahman,DEMO-0026,Matara
Piumi Rathnayake,DEMO-0027,Kurunegala
Oshadi Kumara,DEMO-0028,Matara
Ishara Weerasinghe,DEMO-0029,Colombo
Rizwan Samarasinghe,DEMO-0030,Colombo
Priya Jayawardena,DEMO-0031,Kandy
Dulani Liyanage,DEMO-0032,Jaffna
Vishnu Karunaratne,DEMO-0033,Colombo
Shehani Liyanage,DEMO-0034,Kurunegala
Pradeep Kumara,DEMO-0035,Kandy
Ayesha Karunaratne,DEMO-0036,Kandy
Sanduni Ekanayake,DEMO-0037,Anuradhapura
Dinesh Pathirana,DEMO-0038,Ratnapura
Ruwan Fernando,DEMO-0039,Negombo
Mohamed Sivakumar,DEMO-0040,Negombo
Chamara Rahman,DEMO-0041,Batticaloa
Niroshan Kumara,DEMO-0042,Ratnapura
Arjun Bandara,DEMO-0043,Ratnapura
Arjun Rajapaksha,DEMO-0044,Colombo
Nadeesha Nadarajah,DEMO-0045,Matara
Oshadi Sivakumar,DEMO-0046,Negombo
Arjun Rahman,DEMO-0047,Ratnapura
Kumaran Dissanayake,DEMO-0048,Jaffna
Shalini Weerasinghe,DEMO-0049,Ratnapura
Thilini Samarasinghe,DEMO-0050,Batticaloa
Fathima Rahman,DEMO-0051,Matara
Arjun Amarasinghe,DEMO-0052,Kandy
Shehani Kumara,DEMO-0053,Negombo
Lahiru Herath,DEMO-0054,Anuradhapura
Sachini Perera,DEMO-0055,Kurunegala
Kasun Bandara,DEMO-0056,Matara
Vishnu Abeysekara,DEMO-0057,Kurunegala
Mohamed Karunaratne,DEMO-0058,Negombo
Piumi Gunasekara,DEMO-0059,Colombo
Pradeep Rahman,DEMO-0060,Matara
Priya Abeysekara,DEMO-0061,Colombo
Fathima Pathirana,DEMO-0062,Kurunegala
Priya Amarasinghe,DEMO-0063,Negombo
Dulani Samarasinghe,DEMO-0064,Kurunegala
Kasun Herath,DEMO-0065,Kandy
Asanka Abeysekara,DEMO-0066,Kurunegala
Fathima Dissanayake,DEMO-0067,Matara
Ravindu Wickramasinghe,DEMO-0068,Negombo
Dulani Hameed,DEMO-0069,Ratnapura
Arjun Silva,DEMO-0070,Colombo
Sachini Karunaratne,DEMO-0071,Anuradhapura
Piumi Jayawardena,DEMO-0072,Negombo
Lahiru Hameed,DEMO-0073,Jaffna
Isuru Bandara,DEMO-0074,Anuradhapura
Ravindu Perera,DEMO-0075,Colombo
Ishara Perera,DEMO-0076,Kandy
Ravindu Ekanayake,DEMO-0077,Galle
Kumaran Silva,DEMO-0078,Ratnapura
Niroshan Amarasinghe,DEMO-0079,Kandy
Lahiru Rajapaksha,DEMO-0080,Kandy
Nadeesha Wijesinghe,DEMO-0081,Colombo
Kasun Pathirana,DEMO-0082,Galle
Chathura Bandara,DEMO-0083,Anuradhapura
Nimal Senanayake,DEMO-0084,Negombo
Rizwan Ekanayake,DEMO-0085,Ratnapura
Priya Rahman,DEMO-0086,Kurunegala
Ruwan Samarasinghe,DEMO-0087,Colombo
Dinesh Karunaratne,DEMO-0088,Matara
Rizwan Bandara,DEMO-0089,Ratnapura
Vishnu Rahman,DEMO-0090,Galle
Fathima Herath,DEMO-0091,Negombo
Ishara Kumara,DEMO-0092,Matara
Supun Bandara,DEMO-0093,Matara
Rizwan Herath,DEMO-0094,Matara
Fathima Kumara,DEMO-0095,Jaffna
Gayan Amarasinghe,DEMO-0096,Matara
Hiruni Liyanage,DEMO-0097,Jaffna
Lahiru Weerasinghe,DEMO-0098,Galle
Nimal Jayawardena,DEMO-0099,Galle
Gayan Silva,DEMO-0100,Anuradhapura
Dilini Rathnayake,DEMO-0101,Colombo
Chathura Pathirana,DEMO-0102,Anuradhapura
Sanduni Perera,DEMO-0103,Anuradhapura
Fathima Karunaratne,DEMO-0104,Matara
Asanka Sivakumar,DEMO-0105,Kurunegala
Thilini Abeysekara,DEMO-0106,Galle
Asanka Jayawardena,DEMO-0107,Jaffna
Ayesha Wijesinghe,DEMO-0108,Colombo
Rizwan Liyanage,DEMO-0109,Colombo
Kavindi Kumara,DEMO-0110,Kurunegala
Niroshan Senanayake,DEMO-0111,Anuradhapura
Oshadi Wijesinghe,DEMO-0112,Batticaloa
Dinesh Sivakumar,DEMO-0113,Matara
Tharindu Samarasinghe,DEMO-0114,Kurunegala
Shehani Fernando,DEMO-0115,Negombo
Lahiru Nadarajah,DEMO-0116,Galle
Malsha Fernando,DEMO-0117,Ratnapura
Kumaran Fernando,DEMO-0118,Kandy
Ravindu Pathirana,DEMO-0119,Galle
Lahiru Karunaratne,DEMO-0120,Anuradhapura
Sanduni Bandara,DEMO-0121,Colombo
Mohamed Gunasekara,DEMO-0122,Anuradhapura
Mohamed Bandara,DEMO-0123,Kurunegala
Supun Sivakumar,DEMO-0124,Negombo
Malsha Weerasinghe,DEMO-0125,Anuradhapura
Sachini Kumara,DEMO-0126,Negombo
Kumaran Kumara,DEMO-0127,Colombo
Thilini Wickramasinghe,DEMO-0128,Colombo
Chathura Wickramasinghe,DEMO-0129,Jaffna
Pradeep Abeysekara,DEMO-0130,Batticaloa
Isuru Herath,DEMO-0131,Colombo
Oshadi Wickramasinghe,DEMO-0132,Jaffna
Asanka Liyanage,DEMO-0133,Anuradhapura
Arjun Abeysekara,DEMO-0134,Galle
Nadeesha Liyanage,DEMO-0135,Matara
Mohamed Amarasinghe,DEMO-0136,Negombo
Sachini Jayawardena,DEMO-0137,Jaffna
Kavindi Rajapaksha,DEMO-0138,Anuradhapura
Nimal Silva,DEMO-0139,Kurunegala
Oshadi Nadarajah,DEMO-0140,Negombo
Nethmi Kumara,DEMO-0141,Jaffna
Kumaran Amarasinghe,DEMO-0142,Negombo
Malsha Perera,DEMO-0143,Negombo
Chathura Samarasinghe,DEMO-0144,Batticaloa
Ayesha Amarasinghe,DEMO-0145,Batticaloa
Kumaran Gunasekara,DEMO-0146,Anuradhapura
Sachini Samarasinghe,DEMO-0147,Batticaloa
Ayesha Hameed,DEMO-0148,Ratnapura
Kavindi Ekanayake,DEMO-0149,Kurunegala
Mahesh Ekanayake,DEMO-0150,Jaffna
